b_test_img,b_label
781c0ad2c.jpg,w_f765256
08398f5f3.jpg,w_343f088
000dcf7d8.jpg,w_4132bb8
9ac5c98fb.jpg,w_69efdbe
cf038a370.jpg,w_5b463cf
d232d5db1.jpg,w_c734fa4
3a7ab2575.jpg,w_51fc1fc
013cb8d04.jpg,w_13c8177
c8bc7629e.jpg,w_a770c8f
9e5649ba2.jpg,w_7b06e7e
f3e1c7e94.jpg,w_98a5e5e
be27e2f1b.jpg,w_4130233
016ca6f9c.jpg,w_5a8902d
c38c050de.jpg,w_5d67caa
c32acc760.jpg,w_356b5b7
fa099604b.jpg,w_40acf40
d0e626bf6.jpg,w_75b6e81
f6871ea12.jpg,w_c5935ae
6b39c3514.jpg,w_f765256
168258e8a.jpg,w_0531ad5
cc56f2c79.jpg,w_7656c1a
9f96fee80.jpg,w_fe9eac7
f2c2ced53.jpg,w_6e209a8
42fd01c26.jpg,w_b7babc0
4e4c518c3.jpg,w_b02ac52
af6e5a367.jpg,w_4516ff1
6db9209b0.jpg,w_85222f9
d23c2263f.jpg,w_04f5f55
cab645621.jpg,w_ed50c26
4cdd31702.jpg,w_fd6a3ad
063f5cd24.jpg,w_ae8982d
6d7d9e658.jpg,w_6e97ef4
12ccd06a0.jpg,w_cde1082
f505880b6.jpg,w_accb0cb
1a7b8b905.jpg,w_a2f8488
6a359040c.jpg,w_9eb2d2a
85fa8ce46.jpg,w_b9d732d
d31bd1979.jpg,w_6189444
c89ab7891.jpg,w_1ff168e
c9bfc88f3.jpg,w_edce644
0bce07b3c.jpg,w_7769d46
c55d64ff8.jpg,w_fe94155
694f5d2d6.jpg,w_67a9841
94a0bf517.jpg,w_40be8d6
770182f2c.jpg,w_fd718fb
2055dc3dc.jpg,w_ba01717
921590b1b.jpg,w_e19a641
ded487f6e.jpg,w_518a722
1dbc71f0a.jpg,w_fe95c92
5956e4510.jpg,w_614b549
178098115.jpg,w_31154fa
9c8075dff.jpg,w_6e51c06
bad951578.jpg,w_6ffc7a1
b8ae0dd22.jpg,w_f61b957
2e3734755.jpg,w_92cb156
7c0b26c45.jpg,w_db86325
b5481f93b.jpg,w_bff3c3b
fd61a2565.jpg,w_c1d2fbe
5cf8f9089.jpg,w_c97ad94
8790b16b9.jpg,w_3d1f606
f8f5e8ee4.jpg,w_936aa13
1b0b0559d.jpg,w_2644b11
f4253d6a1.jpg,w_eb13108
5985b125a.jpg,w_691f2f6
45b89a418.jpg,w_94c3bf0
7b43451f9.jpg,w_6aa9d4e
0fc351278.jpg,w_d8a47de
c2e5b2db9.jpg,w_f2075ef
7182bdf78.jpg,w_7d91458
7a50ab419.jpg,w_e5978cf
1361968f4.jpg,w_2b069ba
4488b7c7d.jpg,w_dfe2ab5
fdcfdad13.jpg,w_1b2bf0f
7264774e2.jpg,w_d10d0c5
9bc8ed7de.jpg,w_c562266
d44f176ed.jpg,w_2644b11
90df738c3.jpg,w_dd88965
d72a9b7f0.jpg,w_4ab3420
62f9d6f83.jpg,w_94f41dc
ca43956aa.jpg,w_48872ad
06b9c4981.jpg,w_4a0c2a7
7829bfc8c.jpg,w_37bdff9
7d2ffa0e5.jpg,w_1f78a1e
8a3fe1e7e.jpg,w_555dcb4
33c7c1326.jpg,w_9b5109b
7de4d402d.jpg,w_c7e1b12
3aa15e687.jpg,w_27b7295
483b2fe0d.jpg,w_102e715
a7c702c12.jpg,w_5c51475
b1114906d.jpg,w_d87f911
ebb046894.jpg,w_62c78f3
2dcb8578c.jpg,w_fd51859
be7d80785.jpg,w_2db0644
aeb24b372.jpg,w_ad6a6ca
73a093976.jpg,w_ec77506
d14038ca7.jpg,w_b421a6a
bfd30de86.jpg,w_e4d326a
db49c314a.jpg,w_d223b2e
fba60e84a.jpg,w_db602dc
d7aa7d3b8.jpg,w_778e474
521cb7564.jpg,w_5816f86
156cd5898.jpg,w_ca1d5a8
4fafbc2a5.jpg,w_25d662d
5160eae6b.jpg,w_1788910
76a50681c.jpg,w_f35e494
c6f670e50.jpg,w_e25b062
8614122aa.jpg,w_5e94510
776a24bd5.jpg,w_9c68fe8
7da741a9e.jpg,w_955bfe2
0641ae9b5.jpg,w_84b1b28
0e389a8d8.jpg,w_20950a9
5ba5f9552.jpg,w_0350bf4
b87c3fc27.jpg,w_7a1c290
2a460435a.jpg,w_9db1fb1
d73262119.jpg,w_60b027a
af5f1fdf6.jpg,w_19671ad
971ec15eb.jpg,w_6e209a8